Workbook

Sheet Product_Master
A1: PAPER & PEN MART
A2: Maret 2025
A3: Produk ID | B3: Product Name | C3: Warehouse | D3: Category | E3: Supplier | F3: Unit Price | G3: Minimum Stock | H3: Current Stock | I3: Status
A4: ="P"&TEXT(ROW(A1),"000") -> P001 | B4: Pulpen Biru | C4: WH-A | D4: Stationery | E4: Sinar Jaya | F4: 3000 | G4: 10 | H4: 25 | I4: =IF(Table1[[#This Row],[Current Stock]]>10,"Available","Low Stock") -> Available
A5: ="P"&TEXT(ROW(A2),"000") -> P002 | B5: Pulpen Hitam | C5: WH-A | D5: Stationery | E5: Sinar Jaya | F5: 3000 | G5: 10 | H5: 18 | I5: =IF(Table1[[#This Row],[Current Stock]]>10,"Available","Low Stock") -> Available
A6: ="P"&TEXT(ROW(A3),"000") -> P003 | B6: Buku Tulis A5 | C6: WH-A | D6: Stationery | E6: Karya Abadi | F6: 7000 | G6: 15 | H6: 40 | I6: =IF(Table1[[#This Row],[Current Stock]]>10,"Available","Low Stock") -> Available
A7: ="P"&TEXT(ROW(A4),"000") -> P004 | B7: Buku Tulis A4 | C7: WH-A | D7: Stationery | E7: Karya Abadi | F7: 12000 | G7: 10 | H7: 6 | I7: =IF(Table1[[#This Row],[Current Stock]]>10,"Available","Low Stock") -> Low Stock
A8: ="P"&TEXT(ROW(A5),"000") -> P005 | B8: Penghapus Putih | C8: WH-A | D8: Stationery | E8: Karya Abadi | F8: 2000 | G8: 15 | H8: 3 | I8: =IF(Table1[[#This Row],[Current Stock]]>10,"Available","Low Stock") -> Low Stock
A9: ="P"&TEXT(ROW(A6),"000") -> P006 | B9: Pensil HB | C9: WH-A | D9: Stationery | E9: Sinar Jaya | F9: 2500 | G9: 10 | H9: 34 | I9: =IF(Table1[[#This Row],[Current Stock]]>10,"Available","Low Stock") -> Available
A10: ="P"&TEXT(ROW(A7),"000") -> P007 | B10: Penggaris 30 cm | C10: WH-A | D10: Stationery | E10: Maju Sentosa | F10: 4000 | G10: 10 | H10: 9 | I10: =IF(Table1[[#This Row],[Current Stock]]>10,"Available","Low Stock") -> Low Stock
A11: ="P"&TEXT(ROW(A8),"000") -> P008 | B11: Map Folder Merah | C11: WH-B | D11: Office | E11: Maju Sentosa | F11: 5000 | G11: 5 | H11: 10 | I11: =IF(Table1[[#This Row],[Current Stock]]>10,"Available","Low Stock") -> Low Stock
A12: ="P"&TEXT(ROW(A9),"000") -> P009 | B12: Map Folder Biru | C12: WH-B | D12: Office | E12: Indah Office | F12: 5000 | G12: 5 | H12: 12 | I12: =IF(Table1[[#This Row],[Current Stock]]>10,"Available","Low Stock") -> Available
A13: ="P"&TEXT(ROW(A10),"000") -> P010 | B13: Stapler Besar | C13: WH-B | D13: Office | E13: Indah Office | F13: 25000 | G13: 10 | H13: 25 | I13: =IF(Table1[[#This Row],[Current Stock]]>10,"Available","Low Stock") -> Available
A14: ="P"&TEXT(ROW(A11),"000") -> P011 | B14: Isi Staples | C14: WH-B | D14: Office | E14: Indah Office | F14: 6000 | G14: 8 | H14: 3 | I14: =IF(Table1[[#This Row],[Current Stock]]>10,"Available","Low Stock") -> Low Stock
A15: ="P"&TEXT(ROW(A12),"000") -> P012 | B15: Kertas HVS A4 | C15: WH-B | D15: Paper | E15: Paperindo | F15: 55000 | G15: 5 | H15: 56 | I15: =IF(Table1[[#This Row],[Current Stock]]>10,"Available","Low Stock") -> Available
... A23: ="P"&TEXT(ROW(A20),"000") -> P020 | B23: Label Stiker | C23: WH-C | D23: Office | E23: Label Nusantara | F23: 15000 | G23: 5 | H23: 24 | I23: =IF(Table1[[#This Row],[Current Stock]]>10,"Available","Low Stock") -> Available

Sheet Stock_Movement 
A1: PAPER & PEN MART
A2: STOCK MOVEMENT REPORT
A3: MARET 2025
A4: Date | B4: Product ID | C4: Product Name | D4: Transaction Type | E4: Category | F4: Quantity | G4: Unit Price | H4: Total Value | I4: Warehouse | J4: Staff Name | K4: Reference No | L4: Remarks
A5: 45717 | B5: P001 | C5: =VLOOKUP(B5,Table1[#All],2,0) -> Pulpen Biru | D5: Stock In | E5: =VLOOKUP(B5,Table1[#All],4,0) -> Stationery | F5: 50 | G5: =VLOOKUP(Table3[[#This Row],[Product ID]],Table1[#All],6,0) -> 3000 | H5: =Table3[[#This Row],[Quantity]]*Table3[[#This Row],[Unit Price]] -> 150000 | I5: =VLOOKUP(Table3[[#This Row],[Product ID]],Table1[#All],3,0) -> WH-A | J5: Rachel | K5: INV001 | L5: Supplier Delivery
A6: 45718 | B6: P003 | C6: =VLOOKUP(B6,Table1[#All],2,0) -> Buku Tulis A5 | D6: Stock In | E6: =VLOOKUP(B6,Table1[#All],4,0) -> Stationery | F6: 30 | G6: =VLOOKUP(Table3[[#This Row],[Product ID]],Table1[#All],6,0) -> 7000 | H6: =Table3[[#This Row],[Quantity]]*Table3[[#This Row],[Unit Price]] -> 210000 | I6: =VLOOKUP(Table3[[#This Row],[Product ID]],Table1[#All],3,0) -> WH-A | J6: Rachel | K6: INV002 | L6: Restock
A7: 45719 | B7: P001 | C7: =VLOOKUP(B7,Table1[#All],2,0) -> Pulpen Biru | D7: Stock Out | E7: =VLOOKUP(B7,Table1[#All],4,0) -> Stationery | F7: 7 | G7: =VLOOKUP(Table3[[#This Row],[Product ID]],Table1[#All],6,0) -> 3000 | H7: =Table3[[#This Row],[Quantity]]*Table3[[#This Row],[Unit Price]] -> 21000 | I7: =VLOOKUP(Table3[[#This Row],[Product ID]],Table1[#All],3,0) -> WH-A | J7: Dhea | K7: OUT001 | L7: Customer sale
A8: 45721 | B8: P005 | C8: =VLOOKUP(B8,Table1[#All],2,0) -> Penghapus Putih | D8: Stock In | E8: =VLOOKUP(B8,Table1[#All],4,0) -> Stationery | F8: 20 | G8: =VLOOKUP(Table3[[#This Row],[Product ID]],Table1[#All],6,0) -> 2000 | H8: =Table3[[#This Row],[Quantity]]*Table3[[#This Row],[Unit Price]] -> 40000 | I8: =VLOOKUP(Table3[[#This Row],[Product ID]],Table1[#All],3,0) -> WH-A | J8: Rachel | K8: INV003 | L8: Supplier Delivery
A9: 45722 | B9: P010 | C9: =VLOOKUP(B9,Table1[#All],2,0) -> Stapler Besar | D9: Stock Out | E9: =VLOOKUP(B9,Table1[#All],4,0) -> Office | F9: 15 | G9: =VLOOKUP(Table3[[#This Row],[Product ID]],Table1[#All],6,0) -> 25000 | H9: =Table3[[#This Row],[Quantity]]*Table3[[#This Row],[Unit Price]] -> 375000 | I9: =VLOOKUP(Table3[[#This Row],[Product ID]],Table1[#All],3,0) -> WH-B | J9: Dhea | K9: OUT002 | L9: Office Use
A10: 45723 | B10: P012 | C10: =VLOOKUP(B10,Table1[#All],2,0) -> Kertas HVS A4 | D10: Stock Out | E10: =VLOOKUP(B10,Table1[#All],4,0) -> Paper | F10: 20 | G10: =VLOOKUP(Table3[[#This Row],[Product ID]],Table1[#All],6,0) -> 55000 | H10: =Table3[[#This Row],[Quantity]]*Table3[[#This Row],[Unit Price]] -> 1100000 | I10: =VLOOKUP(Table3[[#This Row],[Product ID]],Table1[#All],3,0) -> WH-B | J10: Dhea | K10: OUT003 | L10: Customer sale
A11: 45724 | B11: P017 | C11: =VLOOKUP(B11,Table1[#All],2,0) -> Spidol Hitam | D11: Stock In | E11: =VLOOKUP(B11,Table1[#All],4,0) -> Marker | F11: 15 | G11: =VLOOKUP(Table3[[#This Row],[Product ID]],Table1[#All],6,0) -> 8500 | H11: =Table3[[#This Row],[Quantity]]*Table3[[#This Row],[Unit Price]] -> 127500 | I11: =VLOOKUP(Table3[[#This Row],[Product ID]],Table1[#All],3,0) -> WH-C | J11: Rachel | K11: INV004 | L11: Return In
A12: 45725 | B12: P002 | C12: =VLOOKUP(B12,Table1[#All],2,0) -> Pulpen Hitam | D12: Stock In | E12: =VLOOKUP(B12,Table1[#All],4,0) -> Stationery | F12: 15 | G12: =VLOOKUP(Table3[[#This Row],[Product ID]],Table1[#All],6,0) -> 3000 | H12: =Table3[[#This Row],[Quantity]]*Table3[[#This Row],[Unit Price]] -> 45000 | I12: =VLOOKUP(Table3[[#This Row],[Product ID]],Table1[#All],3,0) -> WH-A | J12: Rachel | K12: INV005 | L12: Supplier Delivery
A13: 45726 | B13: P004 | C13: =VLOOKUP(B13,Table1[#All],2,0) -> Buku Tulis A4 | D13: Stock In | E13: =VLOOKUP(B13,Table1[#All],4,0) -> Stationery | F13: 25 | G13: =VLOOKUP(Table3[[#This Row],[Product ID]],Table1[#All],6,0) -> 12000 | H13: =Table3[[#This Row],[Quantity]]*Table3[[#This Row],[Unit Price]] -> 300000 | I13: =VLOOKUP(Table3[[#This Row],[Product ID]],Table1[#All],3,0) -> WH-A | J13: Rachel | K13: INV006 | L13: Restock
A14: 45727 | B14: P006 | C14: =VLOOKUP(B14,Table1[#All],2,0) -> Pensil HB | D14: Stock out | E14: =VLOOKUP(B14,Table1[#All],4,0) -> Stationery | F14: 15 | G14: =VLOOKUP(Table3[[#This Row],[Product ID]],Table1[#All],6,0) -> 2500 | H14: =Table3[[#This Row],[Quantity]]*Table3[[#This Row],[Unit Price]] -> 37500 | I14: =VLOOKUP(Table3[[#This Row],[Product ID]],Table1[#All],3,0) -> WH-A | J14: Dhea | K14: OUT004 | L14: Customer sale
A15: 45729 | B15: P008 | C15: =VLOOKUP(B15,Table1[#All],2,0) -> Map Folder Merah | D15: Stock In | E15: =VLOOKUP(B15,Table1[#All],4,0) -> Office | F15: 20 | G15: =VLOOKUP(Table3[[#This Row],[Product ID]],Table1[#All],6,0) -> 5000 | H15: =Table3[[#This Row],[Quantity]]*Table3[[#This Row],[Unit Price]] -> 100000 | I15: =VLOOKUP(Table3[[#This Row],[Product ID]],Table1[#All],3,0) -> WH-B | J15: Rachel | K15: INV007 | L15: Supplier Delivery
A16: 45730 | B16: P011 | C16: =VLOOKUP(B16,Table1[#All],2,0) -> Isi Staples | D16: Stock In | E16: =VLOOKUP(B16,Table1[#All],4,0) -> Office | F16: 20 | G16: =VLOOKUP(Table3[[#This Row],[Product ID]],Table1[#All],6,0) -> 6000 | H16: =Table3[[#This Row],[Quantity]]*Table3[[#This Row],[Unit Price]] -> 120000 | I16: =VLOOKUP(Table3[[#This Row],[Product ID]],Table1[#All],3,0) -> WH-B | J16: Rachel | K16: INV008 | L16: Restock
A17: 45731 | B17: P018 | C17: =VLOOKUP(B17,Table1[#All],2,0) -> Spidol Merah | D17: Stock In | E17: =VLOOKUP(B17,Table1[#All],4,0) -> Marker | F17: 20 | G17: =VLOOKUP(Table3[[#This Row],[Product ID]],Table1[#All],6,0) -> 8500 | H17: =Table3[[#This Row],[Quantity]]*Table3[[#This Row],[Unit Price]] -> 170000 | I17: =VLOOKUP(Table3[[#This Row],[Product ID]],Table1[#All],3,0) -> WH-C | J17: Rachel | K17: INV009 | L17: Supplier Delivery

Sheet Inventory_summary
A1: PAPER & PEN MART
A2: INVENTORY MANAGEMENT DASHBOARD
A4: Maret 2025
A5: Product ID | B5: Product Name | C5: Category | D5: Stock In | E5: Stock Out | F5: Current Stock | G5: Unit Price | H5: Total | I5: Status | K5: Category | L5: Total Stock | Q5: Status | R5: Jumlah Produk
A6: P001 | B6: Pulpen Biru | C6: Stationery | D6: =SUMIFS(Table3[Quantity],Table3[Product ID],Table2[[#This Row],[Product ID]],Table3[Transaction Type],"Stock In") -> 50 | E6: =SUMIFS(Table3[Quantity],Table3[Product ID],Table2[[#This Row],[Product ID]],Table3[Transaction Type],"Stock Out") -> 7 | F6: =VLOOKUP(Table2[[#This Row],[Product ID]],Table1[#All],8,0)+Table2[[#This Row],[Stock In ]]-Table2[[#This Row],[Stock Out]] -> 68 | G6: =VLOOKUP(Table2[[#This Row],[Product ID]],Table1[#All],6,0) -> 3000 | H6: =Table2[[#This Row],[Current Stock ]]*Table2[[#This Row],[Unit Price]] -> 204000 | I6: =IF(Table2[[#This Row],[Current Stock ]]>=Product_Master!G4,"Available",IF(Table2[[#This Row],[Current Stock ]]<=Product_Master!G4,"Low Stock"," Out of Stock")) -> Available | K6: Stationery | L6: =SUMIF(Table2[[Category ]],Table4[[#This Row],[Category]],Table2[[Current Stock ]]) -> 276 | Q6: Available | R6: =COUNTIF(Table2[[Status ]],I11) -> 18
A7: P002 | B7: Pulpen Hitam | C7: Stationery | D7: =SUMIFS(Table3[Quantity],Table3[Product ID],Table2[[#This Row],[Product ID]],Table3[Transaction Type],"Stock In") -> 15 | E7: =SUMIFS(Table3[Quantity],Table3[Product ID],Table2[[#This Row],[Product ID]],Table3[Transaction Type],"Stock Out") -> 0 | F7: =VLOOKUP(Table2[[#This Row],[Product ID]],Table1[#All],8,0)+Table2[[#This Row],[Stock In ]]-Table2[[#This Row],[Stock Out]] -> 33 | G7: =VLOOKUP(Table2[[#This Row],[Product ID]],Table1[#All],6,0) -> 3000 | H7: =Table2[[#This Row],[Current Stock ]]*Table2[[#This Row],[Unit Price]] -> 99000 | I7: =IF(Table2[[#This Row],[Current Stock ]]>=Product_Master!G5,"Available",IF(Table2[[#This Row],[Current Stock ]]<=Product_Master!G5,"Low Stock"," Out of Stock")) -> Available | K7: Office | L7: =SUMIF(Table2[[Category ]],Table4[[#This Row],[Category]],Table2[[Current Stock ]]) -> 147 | Q7: Low of Stock | R7: =COUNTIF(Table2[[Status ]],I12) -> 2
A8: P003 | B8: Buku Tulis A5 | C8: Stationery | D8: =SUMIFS(Table3[Quantity],Table3[Product ID],Table2[[#This Row],[Product ID]],Table3[Transaction Type],"Stock In") -> 30 | E8: =SUMIFS(Table3[Quantity],Table3[Product ID],Table2[[#This Row],[Product ID]],Table3[Transaction Type],"Stock Out") -> 0 | F8: =VLOOKUP(Table2[[#This Row],[Product ID]],Table1[#All],8,0)+Table2[[#This Row],[Stock In ]]-Table2[[#This Row],[Stock Out]] -> 70 | G8: =VLOOKUP(Table2[[#This Row],[Product ID]],Table1[#All],6,0) -> 7000 | H8: =Table2[[#This Row],[Current Stock ]]*Table2[[#This Row],[Unit Price]] -> 490000 | I8: =IF(Table2[[#This Row],[Current Stock ]]>=Product_Master!G6,"Available",IF(Table2[[#This Row],[Current Stock ]]<=Product_Master!G6,"Low Stock"," Out of Stock")) -> Available | K8: Paper | L8: =SUMIF(Table2[[Category ]],Table4[[#This Row],[Category]],Table2[[Current Stock ]]) -> 68 | R8: =SUBTOTAL(109,Table6[Jumlah Produk]) -> 20
A9: P004 | B9: Buku Tulis A4 | C9: Stationery | D9: =SUMIFS(Table3[Quantity],Table3[Product ID],Table2[[#This Row],[Product ID]],Table3[Transaction Type],"Stock In") -> 25 | E9: =SUMIFS(Table3[Quantity],Table3[Product ID],Table2[[#This Row],[Product ID]],Table3[Transaction Type],"Stock Out") -> 0 | F9: =VLOOKUP(Table2[[#This Row],[Product ID]],Table1[#All],8,0)+Table2[[#This Row],[Stock In ]]-Table2[[#This Row],[Stock Out]] -> 31 | G9: =VLOOKUP(Table2[[#This Row],[Product ID]],Table1[#All],6,0) -> 12000 | H9: =Table2[[#This Row],[Current Stock ]]*Table2[[#This Row],[Unit Price]] -> 372000 | I9: =IF(Table2[[#This Row],[Current Stock ]]>=Product_Master!G7,"Available",IF(Table2[[#This Row],[Current Stock ]]<=Product_Master!G7,"Low Stock"," Out of Stock")) -> Available | K9: Marker | L9: =SUMIF(Table2[[Category ]],Table4[[#This Row],[Category]],Table2[[Current Stock ]]) -> 54
A10: P005 | B10: Penghapus Putih | C10: Stationery | D10: =SUMIFS(Table3[Quantity],Table3[Product ID],Table2[[#This Row],[Product ID]],Table3[Transaction Type],"Stock In") -> 20 | E10: =SUMIFS(Table3[Quantity],Table3[Product ID],Table2[[#This Row],[Product ID]],Table3[Transaction Type],"Stock Out") -> 0 | F10: =VLOOKUP(Table2[[#This Row],[Product ID]],Table1[#All],8,0)+Table2[[#This Row],[Stock In ]]-Table2[[#This Row],[Stock Out]] -> 23 | G10: =VLOOKUP(Table2[[#This Row],[Product ID]],Table1[#All],6,0) -> 2000 | H10: =Table2[[#This Row],[Current Stock ]]*Table2[[#This Row],[Unit Price]] -> 46000 | I10: =IF(Table2[[#This Row],[Current Stock ]]>=Product_Master!G8,"Available",IF(Table2[[#This Row],[Current Stock ]]<=Product_Master!G8,"Low Stock"," Out of Stock")) -> Available
A11: P006 | B11: Pensil HB | C11: Stationery | D11: =SUMIFS(Table3[Quantity],Table3[Product ID],Table2[[#This Row],[Product ID]],Table3[Transaction Type],"Stock In") -> 0 | E11: =SUMIFS(Table3[Quantity],Table3[Product ID],Table2[[#This Row],[Product ID]],Table3[Transaction Type],"Stock Out") -> 15 | F11: =VLOOKUP(Table2[[#This Row],[Product ID]],Table1[#All],8,0)+Table2[[#This Row],[Stock In ]]-Table2[[#This Row],[Stock Out]] -> 19 | G11: =VLOOKUP(Table2[[#This Row],[Product ID]],Table1[#All],6,0) -> 2500 | H11: =Table2[[#This Row],[Current Stock ]]*Table2[[#This Row],[Unit Price]] -> 47500 | I11: =IF(Table2[[#This Row],[Current Stock ]]>=Product_Master!G9,"Available",IF(Table2[[#This Row],[Current Stock ]]<=Product_Master!G9,"Low Stock"," Out of Stock")) -> Available
A12: P007 | B12: Penggaris 30 cm | C12: Stationery | D12: =SUMIFS(Table3[Quantity],Table3[Product ID],Table2[[#This Row],[Product ID]],Table3[Transaction Type],"Stock In") -> 0 | E12: =SUMIFS(Table3[Quantity],Table3[Product ID],Table2[[#This Row],[Product ID]],Table3[Transaction Type],"Stock Out") -> 0 | F12: =VLOOKUP(Table2[[#This Row],[Product ID]],Table1[#All],8,0)+Table2[[#This Row],[Stock In ]]-Table2[[#This Row],[Stock Out]] -> 9 | G12: =VLOOKUP(Table2[[#This Row],[Product ID]],Table1[#All],6,0) -> 4000 | H12: =Table2[[#This Row],[Current Stock ]]*Table2[[#This Row],[Unit Price]] -> 36000 | I12: =IF(Table2[[#This Row],[Current Stock ]]>=Product_Master!G10,"Available",IF(Table2[[#This Row],[Current Stock ]]<=Product_Master!G10,"Low Stock"," Out of Stock")) -> Low Stock
A13: P008 | B13: Map Folder Merah | C13: Office | D13: =SUMIFS(Table3[Quantity],Table3[Product ID],Table2[[#This Row],[Product ID]],Table3[Transaction Type],"Stock In") -> 20 | E13: =SUMIFS(Table3[Quantity],Table3[Product ID],Table2[[#This Row],[Product ID]],Table3[Transaction Type],"Stock Out") -> 0 | F13: =VLOOKUP(Table2[[#This Row],[Product ID]],Table1[#All],8,0)+Table2[[#This Row],[Stock In ]]-Table2[[#This Row],[Stock Out]] -> 30 | G13: =VLOOKUP(Table2[[#This Row],[Product ID]],Table1[#All],6,0) -> 5000 | H13: =Table2[[#This Row],[Current Stock ]]*Table2[[#This Row],[Unit Price]] -> 150000 | I13: =IF(Table2[[#This Row],[Current Stock ]]>=Product_Master!G11,"Available",IF(Table2[[#This Row],[Current Stock ]]<=Product_Master!G11,"Low Stock"," Out of Stock")) -> Available
A14: P009 | B14: Map Folder Biru | C14: Office | D14: =SUMIFS(Table3[Quantity],Table3[Product ID],Table2[[#This Row],[Product ID]],Table3[Transaction Type],"Stock In") -> 0 | E14: =SUMIFS(Table3[Quantity],Table3[Product ID],Table2[[#This Row],[Product ID]],Table3[Transaction Type],"Stock Out") -> 0 | F14: =VLOOKUP(Table2[[#This Row],[Product ID]],Table1[#All],8,0)+Table2[[#This Row],[Stock In ]]-Table2[[#This Row],[Stock Out]] -> 12 | G14: =VLOOKUP(Table2[[#This Row],[Product ID]],Table1[#All],6,0) -> 5000 | H14: =Table2[[#This Row],[Current Stock ]]*Table2[[#This Row],[Unit Price]] -> 60000 | I14: =IF(Table2[[#This Row],[Current Stock ]]>=Product_Master!G12,"Available",IF(Table2[[#This Row],[Current Stock ]]<=Product_Master!G12,"Low Stock"," Out of Stock")) -> Available
A15: P010 | B15: Stapler Besar | C15: Office | D15: =SUMIFS(Table3[Quantity],Table3[Product ID],Table2[[#This Row],[Product ID]],Table3[Transaction Type],"Stock In") -> 0 | E15: =SUMIFS(Table3[Quantity],Table3[Product ID],Table2[[#This Row],[Product ID]],Table3[Transaction Type],"Stock Out") -> 15 | F15: =VLOOKUP(Table2[[#This Row],[Product ID]],Table1[#All],8,0)+Table2[[#This Row],[Stock In ]]-Table2[[#This Row],[Stock Out]] -> 10 | G15: =VLOOKUP(Table2[[#This Row],[Product ID]],Table1[#All],6,0) -> 25000 | H15: =Table2[[#This Row],[Current Stock ]]*Table2[[#This Row],[Unit Price]] -> 250000 | I15: =IF(Table2[[#This Row],[Current Stock ]]>=Product_Master!G13,"Available",IF(Table2[[#This Row],[Current Stock ]]<=Product_Master!G13,"Low Stock"," Out of Stock")) -> Available
A16: P011 | B16: Isi Staples | C16: Office | D16: =SUMIFS(Table3[Quantity],Table3[Product ID],Table2[[#This Row],[Product ID]],Table3[Transaction Type],"Stock In") -> 20 | E16: =SUMIFS(Table3[Quantity],Table3[Product ID],Table2[[#This Row],[Product ID]],Table3[Transaction Type],"Stock Out") -> 0 | F16: =VLOOKUP(Table2[[#This Row],[Product ID]],Table1[#All],8,0)+Table2[[#This Row],[Stock In ]]-Table2[[#This Row],[Stock Out]] -> 23 | G16: =VLOOKUP(Table2[[#This Row],[Product ID]],Table1[#All],6,0) -> 6000 | H16: =Table2[[#This Row],[Current Stock ]]*Table2[[#This Row],[Unit Price]] -> 138000 | I16: =IF(Table2[[#This Row],[Current Stock ]]>=Product_Master!G14,"Available",IF(Table2[[#This Row],[Current Stock ]]<=Product_Master!G14,"Low Stock"," Out of Stock")) -> Available
A17: P012 | B17: Kertas HVS A4 | C17: Paper | D17: =SUMIFS(Table3[Quantity],Table3[Product ID],Table2[[#This Row],[Product ID]],Table3[Transaction Type],"Stock In") -> 0 | E17: =SUMIFS(Table3[Quantity],Table3[Product ID],Table2[[#This Row],[Product ID]],Table3[Transaction Type],"Stock Out") -> 20 | F17: =VLOOKUP(Table2[[#This Row],[Product ID]],Table1[#All],8,0)+Table2[[#This Row],[Stock In ]]-Table2[[#This Row],[Stock Out]] -> 36 | G17: =VLOOKUP(Table2[[#This Row],[Product ID]],Table1[#All],6,0) -> 55000 | H17: =Table2[[#This Row],[Current Stock ]]*Table2[[#This Row],[Unit Price]] -> 1980000 | I17: =IF(Table2[[#This Row],[Current Stock ]]>=Product_Master!G15,"Available",IF(Table2[[#This Row],[Current Stock ]]<=Product_Master!G15,"Low Stock"," Out of Stock")) -> Available
A18: P013 | B18: Kertas HVS F4 | C18: Paper | D18: =SUMIFS(Table3[Quantity],Table3[Product ID],Table2[[#This Row],[Product ID]],Table3[Transaction Type],"Stock In") -> 0 | E18: =SUMIFS(Table3[Quantity],Table3[Product ID],Table2[[#This Row],[Product ID]],Table3[Transaction Type],"Stock Out") -> 0 | F18: =VLOOKUP(Table2[[#This Row],[Product ID]],Table1[#All],8,0)+Table2[[#This Row],[Stock In ]]-Table2[[#This Row],[Stock Out]] -> 32 | G18: =VLOOKUP(Table2[[#This Row],[Product ID]],Table1[#All],6,0) -> 60000 | H18: =Table2[[#This Row],[Current Stock ]]*Table2[[#This Row],[Unit Price]] -> 1920000 | I18: =IF(Table2[[#This Row],[Current Stock ]]>=Product_Master!G16,"Available",IF(Table2[[#This Row],[Current Stock ]]<=Product_Master!G16,"Low Stock"," Out of Stock")) -> Available
A19: P014 | B19: Sticky Note | C19: Office | D19: =SUMIFS(Table3[Quantity],Table3[Product ID],Table2[[#This Row],[Product ID]],Table3[Transaction Type],"Stock In") -> 0 | E19: =SUMIFS(Table3[Quantity],Table3[Product ID],Table2[[#This Row],[Product ID]],Table3[Transaction Type],"Stock Out") -> 0 | F19: =VLOOKUP(Table2[[#This Row],[Product ID]],Table1[#All],8,0)+Table2[[#This Row],[Stock In ]]-Table2[[#This Row],[Stock Out]] -> 22 | G19: =VLOOKUP(Table2[[#This Row],[Product ID]],Table1[#All],6,0) -> 8500 | H19: =Table2[[#This Row],[Current Stock ]]*Table2[[#This Row],[Unit Price]] -> 187000 | I19: =IF(Table2[[#This Row],[Current Stock ]]>=Product_Master!G17,"Available",IF(Table2[[#This Row],[Current Stock ]]<=Product_Master!G17,"Low Stock"," Out of Stock")) -> Available
A20: P015 | B20: Binder Clip Kecil | C20: Office | D20: =SUMIFS(Table3[Quantity],Table3[Product ID],Table2[[#This Row],[Product ID]],Table3[Transaction Type],"Stock In") -> 0 | E20: =SUMIFS(Table3[Quantity],Table3[Product ID],Table2[[#This Row],[Product ID]],Table3[Transaction Type],"Stock Out") -> 0 | F20: =VLOOKUP(Table2[[#This Row],[Product ID]],Table1[#All],8,0)+Table2[[#This Row],[Stock In ]]-Table2[[#This Row],[Stock Out]] -> 21 | G20: =VLOOKUP(Table2[[#This Row],[Product ID]],Table1[#All],6,0) -> 7000 | H20: =Table2[[#This Row],[Current Stock ]]*Table2[[#This Row],[Unit Price]] -> 147000 | I20: =IF(Table2[[#This Row],[Current Stock ]]>=Product_Master!G18,"Available",IF(Table2[[#This Row],[Current Stock ]]<=Product_Master!G18,"Low Stock"," Out of Stock")) -> Available
A21: P016 | B21: Binder Clip Besar | C21: Office | D21: =SUMIFS(Table3[Quantity],Table3[Product ID],Table2[[#This Row],[Product ID]],Table3[Transaction Type],"Stock In") -> 0 | E21: =SUMIFS(Table3[Quantity],Table3[Product ID],Table2[[#This Row],[Product ID]],Table3[Transaction Type],"Stock Out") -> 0 | F21: =VLOOKUP(Table2[[#This Row],[Product ID]],Table1[#All],8,0)+Table2[[#This Row],[Stock In ]]-Table2[[#This Row],[Stock Out]] -> 5 | G21: =VLOOKUP(Table2[[#This Row],[Product ID]],Table1[#All],6,0) -> 9000 | H21: =Table2[[#This Row],[Current Stock ]]*Table2[[#This Row],[Unit Price]] -> 45000 | I21: =IF(Table2[[#This Row],[Current Stock ]]>=Product_Master!G19,"Available",IF(Table2[[#This Row],[Current Stock ]]<=Product_Master!G19,"Low Stock"," Out of Stock")) -> Low Stock
... A25: P020 | B25: Label Stiker | C25: Office | D25: =SUMIFS(Table3[Quantity],Table3[Product ID],Table2[[#This Row],[Product ID]],Table3[Transaction Type],"Stock In") -> 0 | E25: =SUMIFS(Table3[Quantity],Table3[Product ID],Table2[[#This Row],[Product ID]],Table3[Transaction Type],"Stock Out") -> 0 | F25: =VLOOKUP(Table2[[#This Row],[Product ID]],Table1[#All],8,0)+Table2[[#This Row],[Stock In ]]-Table2[[#This Row],[Stock Out]] -> 24 | G25: =VLOOKUP(Table2[[#This Row],[Product ID]],Table1[#All],6,0) -> 15000 | H25: =Table2[[#This Row],[Current Stock ]]*Table2[[#This Row],[Unit Price]] -> 360000 | I25: =IF(Table2[[#This Row],[Current Stock ]]>=Product_Master!G23,"Available",IF(Table2[[#This Row],[Current Stock ]]<=Product_Master!G23,"Low Stock"," Out of Stock")) -> Available

Sheet PIVOT
A2: Maret 2025
A3: Row Labels | B3: Kuantitas produk | C3: Total
A4: Marker | B4: 54 | C4: 459000
A5: Office | B5: 147 | C5: 1337000
A6: Paper | B6: 68 | C6: 3900000
A7: Stationery | B7: 276 | C7: 1570500
A8: Grand Total | B8: 545 | C8: 7266500
